Candidate,Constituency,Party,Criminal Cases,Education,Total Assets,Liabilities
Ramesh Rathod,Adilabad,TDP, 2 ,12th Pass,3410000,815241
DR. RAMSHANKAR,Agra,BJP,0,Doctorate,1511000,639959
HARIN PATHAK,Ahmedabad East,BJP, 2 ,Post Graduate,14578184,22734
KIRITBHAI PREMJIBHAI SOLANKI,Ahmedabad West,BJP,0,Graduate Professional,26122439,709488
GANDHI DILIPKUMAR MANSUKHLAL,Ahmednagar,BJP, 9 ,10th Pass,13053391,955351
SACHIN PILOT,Ajmer,INC,0,Post Graduate,46489558,0
RAJARAM PAL,Akbarpur,INC,0,Graduate Professional,4400000,838099
DHOTRE SANJAY SHAMRAO,Akola,BJP, 4 ,Graduate Professional,19335144,2221980
K C Venugopal,Alappuzha,INC,0,Post Graduate,3533704,203374
P K Biju,Alathur,CPM,0,Post Graduate,461000,0
RAJ KUMARI CHAUHAN,Aligarh,BSP,0,12th Pass,34034506,0
Manohar Tirkey,Alipurduars,RSP,0,10th Pass,2358725,0
KUNWAR REWATI RAMAN SINGH ALIAS MANI JI,Allahabad,SP,0,Graduate Professional,18640164,226475
PRADEEP TAMTA,Almora,INC,0,Post Graduate,1590000,0
JITENDRA SINGH,Alwar,INC,0,Graduate,67967810,0
G V Harsha Kumar,Amalapuram,INC, 1 ,Post Graduate,7289000,1014298
SELJA,Ambala,INC,0,Post Graduate,46711386,0
RAKESH PANDEY,Ambedkar Nagar,BSP, 3 ,8th Pass,164078904,0
RAHUL GANDHI,Amethi,INC,0,Post Graduate,23274706,2335000
ADSUL ANANDRAO VITHOBA,Amravati,SHS, 1 ,Graduate,17708418,0
NARANBHAI BHIKHABHAI KACHHADIYA,Amreli,BJP,0,5th Pass,4748283,300000
NAVJOT SINGH SIDHU,Amritsar,BJP, 1 ,Graduate,145037236,0
DEVENDRA NAGPAL,Amroha,RLD, 6 ,Graduate,132425712,13960788
Sabbam Hari,Anakapalle,INC,0,12th Pass,85032286,450000
RAVNEET SINGH,Anandpur Sahib,INC,0,12th Pass,21821443,300000
ANANTHA VENKATA RAMI REDDY,Anantapur,INC,0,Post Graduate,13015000,0
MIRZA MEHBOOB BEG,Anantnag,JKN,0,Graduate Professional,4850000,0
Shri Bishnu Pada Ray,Andaman & Nicobar Islands,BJP, 1 ,Graduate,1241034,0
MANEKA GANDHI,Aonla,BJP, 1 ,12th Pass,175685977,0
JAGATHRAKSHAKAN,Arakkonam,DMK,0,10th Pass,59106399,0
V. Kishore Chandra Deo,Araku,INC,0,Post Graduate,247410000,0
SAKTI MOHAN MALIK,Arambag,CPM,0,Post Graduate,2415310,108000
KRISHNASAMY M,Arani,INC,0,Graduate Professional,62385765,16792067
PRADEEP KUMAR SINGH,Araria,BJP, 3 ,10th Pass,257014,764726
Meena Singh,Arrah,JD(U),0,Graduate,42436500,0
NINONG ERING,Arunachal East,INC,0,Graduate,104320000,1251784
TAKAM SANJOY,Arunachal West,INC,0,Graduate,24137021,0
BANSAGOPAL CHOWDHURY,Asansol,CPM,0,Graduate,1423763,0
Nityananda Pradhan,Aska,BJD, 1 ,Post Graduate,26616692,1525000
Adv A Sampath,Attingal,CPM, 2 ,Post Graduate,8999000,2150029
CHANDRAKANT KHAIRE,Aurangabad,SHS, 16 ,12th Pass,14151539,1472122
Sushil Kumar Singh,Aurangabad,JD(U), 4 ,Post Graduate,20887871,741199
BIREN SINGH ENGTI,Autonomous District,INC,0,Post Graduate,25297068,0
RAMAKANT YADAV,Azamgarh,BJP, 11 ,10th Pass,24494000,0
DHARMENDRA YADAV,Badaun,SP,0,Post Graduate,5682299,98000
GADDIGOUDAR P C,Bagalkot,BJP,0,Graduate Professional,16762000,6674134
AJIT SINGH,Baghpat,RLD,0,Post Graduate,58232462,13077
ADHIR RANJAN CHOWDHURY,Baharampur,INC, 4 ,10th Pass,29943557,1926083
KAMAL KISHOR,Bahraich,INC, 1 ,Graduate,1373495,0
Srikanta Kumar Jena,Balasore,INC,0,Graduate,5979551,862820
NEERAJ SHEKHAR,Ballia,SP,0,Graduate,27718262,15100000
Prasanta Kumar Majumdar,Balurghat,RSP,0,Post Graduate,1676454,0
MUKESH BHAIRAVDANJI GADHAVI,Banaskantha,INC,0,Graduate,22694764,0
R. K. SINGH PATEL,Banda,SP, 1 ,Graduate,34107955,0
P.C.Mohan,Bangalore Central,BJP, 1 ,12th Pass,53729000,32887000
D.B. Chandre Gowda,Bangalore North,BJP,0,Graduate Professional,20840751,0
H D KUMARA SWAMY,Bangalore Rural,JD(S), 3 ,Graduate,491683477,336237223
Ananth Kumar,Bangalore South,BJP,0,Graduate Professional,12206366,0
GOBINDA CHANDRA NASKAR,Bangaon,AITC,0,Post Graduate,2549515,0
Acharia Basudeb,Bankura,CPM,0,Post Graduate,3249037,0
Tara chand,Banswara,INC,0,Post Graduate,6518752,1122163
PANABAKA LAKSHMI,Bapatla,INC,0,Post Graduate,16635386,0
P.L.PUNIA,Barabanki,INC,0,Doctorate,14047833,995370
SUPRIYA SULE,Baramati,NCP,0,Graduate,515363663,0
SHARIEF UD DIN SHARIQ,Baramulla,JKN,0,Post Graduate,11955000,1310000
KAKALI GHOSH DASTIDAR,Barasat,AITC,0,Graduate Professional,12576309,335000
ANUP KUMAR SAHA,Bardhaman Purba,CPM,0,Post Graduate,7472944,0
SK. SAIDUL HAQUE,Bardhaman-Durgapur,CPM,0,Post Graduate,2414520,128172
PRAVEEN SINGH ARON,Bareilly,INC, 1 ,Graduate Professional,288019293,32622036
Sanjay Bhoi,Bargarh,INC,0,Graduate,1700000,0
Harish choudhary,Barmer,INC,0,Graduate,4953849,1295812
ISMAIL HUSSAIN,Barpeta,INC,0,Post Graduate,9931726,0
DINESH TRIVEDI,Barrackpur,AITC,0,Post Graduate,27203930,0
SK. NURUL ISLAM,Basirhat,AITC,0,12th Pass,1155500,807500
Baliram Kashyap,Bastar,BJP,0,8th Pass,9948590,1166014
ARVIND KUMAR CHAUDHARY,Basti,BSP,0,12th Pass,18643936,0
HARSIMRAT KAUR,Bathinda,SAD,0,10th Pass,603100135,13800
MUNDE GOPINATHRAO PANDURANG,Beed,BJP, 4 ,Graduate Professional,62250603,45090238
DR. MONAZIR HASSAN,Begusarai,JD(U),0,Doctorate,3583898,1682852
Angadi Suresh Channabasappa,Belgaum,BJP, 2 ,Graduate Professional,221734263,43392842
J. SHANTHA,Bellary,BJP,0,12th Pass,46572264,0
Sidhant Mohapatra,Berhampur,BJD,0,Post Graduate,4828474,118884
JYOTI DHURVE,Betul,BJP,0,Post Graduate,7135000,638122
GORAKHNATH,Bhadohi,BSP,0,Post Graduate,10158748,433968
Arjun Charan Sethi,Bhadrak,BJD,0,Post Graduate,11061000,2500000
SYED SHAHNAWAZ HUSSAIN,Bhagalpur,BJP,0,10th Pass,7472000,101000
RATAN SINGH,Bharatpur,INC,0,Graduate Professional,11967191,335314
MANSUKHBHAI DHANJIBHAI VASAVA,Bharuch,BJP,0,Graduate,2441000,833462
RAJENDRASINH GHANSHYAMSINH RANA,Bhavnagar,BJP,0,Graduate Professional,5508711,0
C P JOSHI,Bhilwara,INC,0,Doctorate,20376956,1400000
ASHOK ARGAL,Bhind,BJP, 4 ,12th Pass,7972241,100000
TAWARE SURESH KASHINATH,Bhiwandi,INC,0,Graduate,109039952,1250000
SHRUTI CHOUDHRY,Bhiwani-Mahendragarh,INC,0,Graduate Professional,167266000,17000000
KOMATIREDDY RAJ GOPAL REDDY,Bhongir,INC,0,Graduate,194763618,6057899
KAILASH JOSHI,Bhopal,BJP,0,10th Pass,5885927,0
Prasanna Kumar Patasani,Bhubaneswar,BJD,0,Post Graduate,1477178,0
N. Dharamsingh,Bidar,INC, 5 ,Post Graduate,142394557,43958832
Jigajinagi Ramesh Chandappa,Bijapur,BJP,0,Graduate,11753725,3902460
SANJAY SINGH CHAUHAN,Bijnor,RLD,0,Graduate Professional,35352625,5254245
ARJUN RAM MEGHWAL,Bikaner,BJP,0,Post Graduate,2563467,0
SATABDI ROY (BANERJEE),Birbhum,AITC,0,12th Pass,13148000,526321
Susmita Bauri,Bishnupur,CPM,0,Graduate Professional,1078000,174660
KALIKESH NARAYAN SINGH DEO,Bolangir,BJD, 2 ,Graduate,36148185,1431104
RAM CHANDRA DOME,Bolpur,CPM,0,Graduate Professional,739396,0
KAMLESH,Bulandshahr,SP,0,5th Pass,844005,0
JADHAV PRATAPRAO GANPATRAO,Buldhana,SHS, 10 ,Graduate,12052820,4541550
Jagda Nand singh,Buxar,RJD, 1 ,Graduate Professional,6565488,12263
K P Dhanapalan,Chalakudy,INC, 1 ,Graduate,2954364,0
R.DHRUVANARAYANA,Chamarajanagar,INC,0,Post Graduate,16729619,3896431
RAMKISHUN,Chandauli,SP, 10 ,Graduate Professional,4672785,0
PAWAN KUMAR BANSAL,Chandigarh,INC,0,Graduate Professional,38729400,0
KAPIL SIBAL,Chandni Chowk,INC,0,Post Graduate,319722459,0
AHIR HANSARAJ GANGARAM,Chandrapur,BJP, 30 ,10th Pass,8084050,262243
Inder Singh Namdhari,Chatra,IND,0,Graduate Professional,21277657,0
RAJENDRAN C,Chennai South,ADMK,0,Graduate Professional,27966678,0
Sudini Jaipal Reddy,Chevella,INC,0,Post Graduate,56150333,2042919
RAMSINHBHAI PATALBHAI RATHAVA,Chhota Udaipur,BJP,0,10th Pass,10501785,6624317
"THIRUMAAVALAVAN, THOL",Chidambaram,VCK, 2 ,Post Graduate,2347700,881000
M. Veerappa Moily,Chikkballapur,INC,0,Graduate,29374446,1083264
KATTI RAMESH VISHWANATH,Chikkodi,BJP, 1 ,12th Pass,28352578,0
JANARDHANA SWAMY,Chitradurga,BJP,0,Post Graduate,22836000,0
NARAMALLI SIVAPRASAD,Chittoor,TDP,0,Graduate Professional,6011000,0
GIRIJA VYAS,Chittorgarh,INC, 1 ,Doctorate,8721354,0
RAM SINGH KASWAN,Churu,BJP,0,Graduate Professional,27403097,0
NATARAJAN.P.R.,Coimbatore,CPM,0,Graduate,1767722,0
Nripendra Nath Ray,Coochbehar,AIFB, 1 ,Graduate,1133170,0
ALAGIRI S,Cuddalore,INC,0,Graduate,11866846,78136525
Bhartruhari Mahtab,Cuttack,BJD,0,Post Graduate,50793831,0
PATEL NATUBHAI GOMANBHAI,Dadra & Nagar Haveli,BJP, 3 ,5th Pass,83494860,3426035
PRABHABEN KISHORESINH TAVIAD,Dahod,INC,0,Graduate Professional,6823687,0
Nalin Kumar Kateel,Dakshina Kannada,BJP, 1 ,10th Pass,5391279,2844596
LALUBHAI PATEL,Daman & Diu,BJP,0,10th Pass,36879385,2135939
SHIVRAJ BHAIYA,Damoh,BJP,0,12th Pass,8929326,286513
KIRTI AZAD,Darbhanga,BJP, 3 ,Graduate,9789047,0
Jaswant Singh,Darjeeling,BJP,0,Graduate,83571845,744864
KIRODI LAL,Dausa,IND,0,Graduate Professional,8080496,0
Siddeswara.G.M,Davanagere,BJP,0,10th Pass,140248867,4263675
GORAKH PRASAD JAISWAL,Deoria,BSP,0,10th Pass,24217040,0
SAJJAN SINGH VERMA,Dewas,INC,0,Post Graduate,27042325,1104525
PASHUPATI NATH SINGH,Dhanbad,BJP, 2 ,Graduate,3943516,0
GAJENDRASINGH RAJUKHEDI,Dhar,INC,0,Graduate Professional,20653466,0
THAMARAISELVAN. R,Dharmapuri,DMK,0,Graduate Professional,3867546,460146
Pralhad Joshi,Dharwad,BJP,0,Graduate,14412674,3182357
KUNWAR JITIN PRASAD,Dhaurahra,INC,0,Post Graduate,32656975,0
Tathagata Satpathy,Dhenkanal,BJD, 13 ,12th Pass,5515930,0
BADRUDDIN AJMAL,Dhubri,AUDF,0,Literate,303520991,0
SONAWANE PRATAP NARAYANRAO,Dhule,BJP,0,Graduate Professional,142157029,6581693
SOMENDRA NATH MITRA,Diamond Harbour,AITC,0,Graduate Professional,14730832,157500
SRI PABAN SINGH GHATOWAR,Dibrugarh,INC,0,Graduate,9797014,0
CHITTHAN N S V,Dindigul,INC,0,Graduate,17035764,0
CHAVAN HARISHCHANDRA DEORAM,Dindori,BJP, 1 ,Graduate,8515581,1520114
JAGDAMBIKA PAL,Domariyaganj,INC, 1 ,Post Graduate,49720730,4566564
SAUGATA RAY,Dum Dum,AITC,0,Post Graduate,3971408,0
SHIBU SOREN,Dumka,JMM, 3 ,10th Pass,8229419,7265635
SAROJ PANDEY,Durg,BJP,0,Post Graduate,379787,667787
SANDEEP DIKSHIT,East Delhi,INC,0,Post Graduate,18146428,1980887
KAVURI SAMBASIVA RAO,Eluru,INC,0,Graduate Professional,126050111,945674
Prof K V Thomas,Ernakulam,INC,0,Post Graduate,15041664,2209490
GANESHAMURTHI.A.,Erode,MDMK, 1 ,Graduate,26729518,1085323
PREMDAS,Etawah,SP, 1 ,Graduate,4228828,0
NIRMAL KHATRI,Faizabad,INC,0,Doctorate,6670000,5771
AVTAR SINGH BHADANA,Faridabad,INC, 1 ,8th Pass,40573585,0
PARAMJIT KAUR GULSHAN,Faridkot,SAD,0,Post Graduate,14208609,2185837
SALMAN KHURSHEED,Farrukhabad,INC,0,Post Graduate,26140421,4765556
SUKHDEV SINGH,Fatehgarh Sahib,INC,0,10th Pass,17083247,0
RAKESH SACHAN,Fatehpur,SP, 7 ,Post Graduate,40955595,0
SEEMA UPADHAYAY,Fatehpur Sikri,BSP,0,Graduate,26545096,1595708
AKHILESH YADAV,Firozabad,SP,0,Graduate Professional,44409557,7726354
SHER SINGH GHUBAYA,Firozpur,SAD,0,10th Pass,31969676,3698744
KOWASE MAROTRAO SAINUJI,Gadchiroli-Chimur,INC,0,Graduate,10776756,500000
LALKRISHNA KISHANCHAND ADVANI,Gandhinagar,BJP, 1 ,Graduate Professional,35543172,0
BHARAT RAM MEGHWAL,Ganganagar,INC,0,Graduate Professional,5016000,400000
SATPAL MAHARAJ,Garhwal,INC,0,12th Pass,112136795,0
BIJOYA CHAKRAVARTY,Gauhati,BJP,0,Post Graduate,1870000,0
SURENDRA SINGH NAGAR,Gautam Budhha Nagar,BSP, 2 ,Graduate,492084300,0
Hari Manjhi,Gaya,BJP,0,8th Pass,1471374,389075
Gurudas Dasgupta,Ghatal,CPI,0,Post Graduate,3654001,0
RAJNATH SINGH,Ghaziabad,BJP, 1 ,Post Graduate,14902703,0
RADHEY MOHAN SINGH,Ghazipur,SP, 1 ,Graduate,22062609,1752447
DARA SINGH CHAUHAN,Ghosi,BSP, 2 ,10th Pass,2044115,927848
RAVINDRA KUMAR PANDEY,Giridih,BJP, 1 ,Graduate,32722762,3317725
NISHIKANT DUBEY,Godda,BJP,0,Post Graduate,101037987,0
BENI PRASAD VERMA,Gonda,INC,0,Graduate Professional,20183574,80932
PURNAMASI RAM,Gopalganj,JD(U), 1 ,10th Pass,3421562,533024
ADITYA NATH,Gorakhpur,BJP, 2 ,Graduate,2182212,0
Mallikarjun Kharge,Gulbarga,INC,0,Graduate Professional,50646533,5508946
JYOTIRADITYA MADHAVRAO SCINDIA,Guna,INC,0,Post Graduate,149094212,0
SAMBASIVA RAO RAYAPATI,Guntur,INC, 3 ,Graduate,147143582,45204329
PARTAP SINGH BAJWA,Gurdaspur,INC,0,Graduate,68053249,100000
INDERJIT SINGH,Gurgaon,INC,0,Graduate Professional,67383257,96692
RAM SUNDAR DAS,Hajipur,JD(U),0,10th Pass,2796489,1116705
ANURAG SINGH THAKUR,Hamirpur,BJP,0,Graduate,24150103,2504550
VIJAY BAHADUR SINGH,Hamirpur,BSP,0,Graduate Professional,42956873,623689
USHA VERMA,Hardoi,SP,0,Post Graduate,10111699,500000
HARISH RAWAT,Hardwar,INC, 1 ,Graduate Professional,11825335,0
H. D. Devegowda,Hassan,JD(S),0,Others,19624664,6499000
SARIKA SINGH,Hathras,RLD,0,Post Graduate,825272,0
SHETTI RAJU ALIAS DEVAPPA ANNA,Hatkanangle,SWP,0,10th Pass,2253785,104341
SHIVAKUMAR CHANNABASAPPA UDASI,Haveri,BJP,0,Graduate,323361935,33833437
YASHWANT SINHA,Hazaribagh,BJP, 1 ,Post Graduate,36576217,0
KRISTAPPA NIMMALA,Hindupur,TDP,0,Graduate,15917465,1216390
SUBHASH BAPURAO WANKHEDE,Hingoli,SHS, 4 ,10th Pass,3488000,484000
BHAJAN LAL,Hisar,HJC(BL),0,12th Pass,65113381,7354075
RATNA DE,Hooghly,AITC,0,Graduate Professional,8730448,0
UDAY PRATAP SINGH,Hoshangabad,INC,0,Graduate,39906000,1374065
SANTOSH CHOWDHARY,Hoshiarpur,INC,0,Graduate Professional,26816253,0
AMBICA BANERJEE,Howrah,AITC, 1 ,Graduate Professional,62926674,7233333
Asaduddin Owaisi,Hyderabad,AIMIM, 4 ,Graduate Professional,9302233,0
Adv P T Thomas,Idukki,INC,0,Post Graduate,3984094,448284
SUMITRA MAHAJAN (TAI),Indore,BJP,0,Post Graduate,7974006,4429400
DR. THOKCHOM MEINYA,Inner Manipur,INC,0,Doctorate,1639200,0
RAKESH SINGH,Jabalpur,BJP,0,Graduate,9231699,10545
KABIR SUMAN,Jadavpur,AITC,0,Graduate,3206685,0
Bibhu Prasad Tarai,Jagatsinghpur,CPI,0,Post Graduate,4460251,43000
MAHESH JOSHI,Jaipur,INC,0,Doctorate,10388500,1245000
LAL CHAND KATARIA,Jaipur Rural,INC,0,10th Pass,30650401,702835
Mohan Jena,Jajpur,BJD,0,Post Graduate,3046404,0
MOHINDER SINGH KAYPEE,Jalandhar,INC,0,Graduate Professional,48196591,125000
GHANSYAM ANURAGI,Jalaun,SP, 2 ,Post Graduate,6350833,0
A.T. NANA PATIL,Jalgaon,BJP,0,Graduate,103839607,9200000
DANVE RAOSAHEB DADARAO,Jalna,BJP, 3 ,12th Pass,24271518,530771
DEV JI PATEL,Jalore,BJP,0,10th Pass,11261830,0
Mahendra Kumar Roy,Jalpaiguri,CPM,0,Graduate Professional,2878591,0
MADAN LAL SHARMA,Jammu,INC, 1 ,10th Pass,11882734,149750
VIKRAMBHAI ARJANBHAI MADAM,Jamnagar,INC,0,Graduate,15590109,400000
ARJUN MUNDA,Jamshedpur,BJP, 2 ,Graduate Professional,12384895,176069
BHUDEO CHOUDHARY,Jamui,JD(U),0,Graduate Professional,4079000,289192
PRANAB MUKHERJEE,Jangipur,INC,0,Doctorate,26920479,0
Kamaladevi Patale,Janjgir-Champa,BJP,0,12th Pass,3556426,80000
DHANANJAY SINGH,Jaunpur,BSP, 1 ,Post Graduate,4362656,678982
DR. TARUN MONDAL,Jaynagar,IND,0,Graduate Professional,1856636,5600
DUSHYANT SINGH,Jhalawar-Baran,BJP,0,Post Graduate,64110900,2779153
MANGANI LAL MANDAL,Jhanjharpur,JD(U), 2 ,Post Graduate,5398803,1709884
PRADEEP KUMAR JAIN,Jhansi,INC, 2 ,Post Graduate,3343719,0
Pulin Bihari Baske,Jhargram,CPM,0,Graduate Professional,1484298,0
SHEESHRAM OLA,Jhunjhunu,INC,0,10th Pass,6101621,180965
CHANDRESH KUMARI,Jodhpur,INC,0,12th Pass,132881067,60744
BIJOY KRISHNA HANDIQUE,Jorhat,INC,0,Post Graduate,15428123,0
DINUBHAI BOGHABHAI SOLANKI,Junagadh,BJP, 1 ,Graduate,19460865,5945896
POONAMBEN VELJIBHAI JAT,Kachchh,BJP, 1 ,12th Pass,524126,0
Y.S. Jagan Mohan Reddy,Kadapa,INC,0,Graduate,728151658,66396966
TABASSUM BEGAM,Kairana,BSP,0,10th Pass,11667328,0
BRIJBHUSHAN SARAN SINGH,Kaiserganj,SP, 2 ,Graduate Professional,53537885,0
M M Pallamraju,Kakinada,INC,0,Post Graduate,65589882,1112763
Bhakta Charan Das,Kalahandi,INC, 4 ,Graduate Professional,5582100,2061217
DIP GOGOI,Kaliabor,INC,0,Graduate,2539058,0
SANKAR ADHI,Kallakurichi,DMK, 1 ,Graduate Professional,17837266,986068
ANAND PRAKASH PARANJAPE,Kalyan,SHS, 1 ,Post Graduate,11998220,3871225
VISWANATHAN.P,Kancheepuram,INC,0,Graduate,5685495,2246494
Rudra Madhab Ray,Kandhamal,BJD,0,Graduate,4387647,566588
DR. RAJAN SUSHANT,Kangra,BJP,0,Graduate Professional,11024873,2488285
Sohan Potai,Kanker,BJP,0,Post Graduate,8261296,0
AKHILESH YADAV,Kannauj,SP,0,Graduate Professional,48582202,7726354
HELEN DAVIDSON J,Kanniyakumari,DMK,0,Post Graduate,48455728,2123538
K Sudhakaran Kavinte Arikathu,Kannur,INC, 3 ,Post Graduate,7359040,600000
SRI PRAKASH JAISWAL,Kanpur,INC,0,12th Pass,30767980,0
ADHIKARI SISIR KUMAR,Kanthi,AITC, 1 ,12th Pass,1083159,0
Mahabali Singh,Karakat,JD(U), 3 ,8th Pass,6194257,0
KHILADI LAL BAIRWA,Karauli-Dholpur,INC,0,Graduate,62802340,5693479
Lalit Mohan Suklabaidya,Karimganj,INC,0,Post Graduate,4644049,0
Ponnam Prabhakar,Karimnagar,INC,0,Graduate Professional,1287000,0
ARVIND KUMAR SHARMA,Karnal,INC,0,Post Graduate,19071256,0
TAMBIDURAI.M,Karur,ADMK, 2 ,Doctorate,93750227,0
P.Karunakaran,Kasaragod,CPM, 12 ,Post Graduate,17823645,0
NIKHIL KUMAR CHOUDHARY,Katihar,BJP, 4 ,Graduate,8018754,802308
SHAILENDRA KUMAR,Kaushambi,SP,0,Graduate,20800327,0
Baijayant Panda,Kendrapara,BJD,0,Graduate Professional,161100792,451767
Yashbanta Narayan Singh Laguri,Keonjhar,BJD, 6 ,Graduate,575000,15000000
DR. RATTAN SINGH AJNALA,Khadoor Sahib,SAD, 1 ,Graduate Professional,18774102,0
DINESH CHANDRA YADAV,Khagaria,JD(U),0,Others,6305253,15922
JEETENDRA SINGH,Khajuraho,BJP,0,Post Graduate,10596506,0
Nama Nageswara Rao,Khammam,TDP,0,12th Pass,1737508117,0
ARUN SUBHASHCHANDRA YADAV,Khandwa,INC, 1 ,Graduate,53289688,27562966
MAKNSINGH SOLANKI (BABUJI),Khargone,BJP,0,5th Pass,5838265,204826
DINSHA ZAVARBHAI PATEL,Kheda,INC,0,10th Pass,23065019,3480352
ZAFAR ALI NAQVI,Kheri,INC,0,Graduate Professional,3979881,0
KARIYA MUNDA,Khunti,BJP,0,Post Graduate,5989638,133125
MOHAMMAD ASRARUL HAQUE,Kishanganj,INC,0,Post Graduate,3646860,0
Babu Lal Marandi,Kodarma,JVM(P), 1 ,Graduate,2137675,0
SANSUMA KHUNGGUR BWISWMUTHIARY,Kokrajhar,BPF,0,Graduate,4954903,464860
K.H.Muniyappa,Kolar,INC,0,Graduate Professional,51921402,21019510
SADASHIVRAO MANDLIK DADOBA,Kolhapur,IND,0,Graduate,11552012,0
MAMATA BANERJEE,Kolkata Dakshin ,AITC,0,Post Graduate,473194,0
SUDIP BANDYOPADHYAY,Kolkata Uttar,AITC,0,Graduate,4187479,196283
N Peethambarakurup,Kollam,INC, 2 ,Graduate,2810132,0
Shivaramgouda,Koppal,BJP,0,Graduate Professional,14518988,3078847
Jayaram Pangi,Koraput,BJD,0,10th Pass,6182372,0
Charandas Mahant,Korba,INC,0,Doctorate,42704354,1643424
IJYARAJ SINGH,Kota,INC,0,Post Graduate,180131144,0
Jose K Mani,Kottayam,KEC(M),0,Post Graduate,9651729,0
M K Raghavan,Kozhikode,INC,0,Graduate,1409694,1055000
SUGAVANAM. E.G.,Krishnagiri,DMK, 3 ,12th Pass,16974157,500000
TAPAS PAUL,Krishnanagar,AITC, 5 ,Graduate,9614227,0
KOTLA JAYA SURYA PRAKASH REDDY,Kurnool,INC,0,Graduate,53719195,3034000
NAVEEN JINDAL,Kurukshetra,INC,0,Post Graduate,1310730000,0
KU. RATANJEET PRATAP NARAYAN SINGH,Kushi Nagar,INC,0,Graduate,39975893,100000
HASSAN KHAN,Ladakh,IND,0,Graduate,6065000,0
RANEE NARAH,Lakhimpur,INC, 1 ,Graduate,53976290,0
Muhammed Hamdulla Sayeed A.B.,Lakshadweep,INC,0,Graduate Professional,20977767,0
DR. BALIRAM,Lalganj,BSP,0,Doctorate,8003036,638922
AAWALE JAYWANT GANGARAM,Latur,INC, 1 ,10th Pass,30485766,0
Sudershan Bhagat,Lohardaga,BJP,0,Graduate,3093207,236750
LAL JI TANDON,Lucknow,BJP,0,Graduate,21700160,0
MANISH TEWARI,Ludhiana,INC,0,Graduate Professional,29941543,0
TUFANI SAROJ,Machhlishahr,SP,0,Graduate,5336133,0
Konakalla Narayana Rao,Machilipatnam,TDP,0,12th Pass,8616000,3787000
PAWAR SHARADCHANDRA GOVINDRAO,Madha,NCP,0,10th Pass,87238434,0
SHARAD YADAV,Madhepura,JD(U), 1 ,Graduate Professional,14107050,0
HUKM DEO NARAYAN YADAV,Madhubani,BJP,0,Graduate,25012430,264033
ALAGIRI M.K,Madurai,DMK,0,Graduate,193978895,0
P. BALRAM,Mahabubabad,INC,0,Graduate,17195194,14122000
Uma Shanaker Singh,Maharajganj,RJD, 2 ,10th Pass,10145601,450000
Chandulal Sahu (Chandu Bhaiya),Mahasamund,BJP,0,Graduate Professional,6805000,1300000
K. CHANDRASEKHARA RAO,Mahbubnagar,TRS, 2 ,Graduate,22669420,0
JAYSHREEBEN KANUBHAI PATEL,Mahesana,BJP,0,10th Pass,3343068,263528
MULAYAM SINGH YADAV,Mainpuri,SP,0,Post Graduate,22399320,243842
E Ahamed,Malappuram,MUL,0,Post Graduate,3887709,0
Abu Hasem Khan Choudhury,Maldaha Dakshin,INC,0,Doctorate,8782797,0
Mausam Noor,Maldaha Uttar,INC,0,Graduate Professional,1847359,234488
SARVEY SATYANARAYANA,Malkajgiri,INC, 1 ,Graduate Professional,10112521,116848
VIRBHADRA SINGH,Mandi,INC,0,Post Graduate,225228748,628864
BASORI SINGH MASRAM,Mandla,INC,0,8th Pass,3621178,350000
MEENAKSHI NATRAJAN,Mandsour,INC,0,Post Graduate,1126966,0
N Chaluvarayaswamy,Mandya,JD(S), 15 ,12th Pass,54168804,4125000
RAMEN DEKA,Mangaldoi,BJP,0,Graduate,7579967,0
JAYANT K SINGH,Mathura,RLD, 1 ,Post Graduate,30204219,288327
CHOUDHURY MOHAN JATUA,Mathurapur,AITC,0,Post Graduate,2585000,0
BABAR GAJANAN DHARMSHI,Maval,SHS, 7 ,Literate,67831434,0
Kodikunnil Suresh,Mavelikkara,INC, 4 ,Graduate Professional,1652747,77210
MANIAN O.S,Mayiladuthurai,ADMK, 1 ,12th Pass,8635089,2000000
Laxman Tudu,Mayurbhanj,BJD,0,Graduate,173000,38986
VIJAYA SHANTHI .M,Medak,TRS,0,10th Pass,271066905,0
Prabodh Panda,Medinipur,CPI,0,Graduate,2230746,362156
RAJENDRA AGARWAL,Meerut,BJP,0,Post Graduate,2121825,315620
BAL KUMAR PATEL,Mirzapur,SP, 10 ,12th Pass,22978000,11695272
ASHOK KUMAR RAWAT,Misrikh,BSP,0,Post Graduate,6221049,665426
C.L.RUALA,Mizoram,INC,0,Graduate Professional,5354186,0
SUSHILA SAROJ,Mohanlalganj,SP,0,Post Graduate,28680230,2452429
MOHAMMED AZHARUDDIN,Moradabad,INC,0,Graduate,25233948,565160
NARENDRA SINGH TOMAR,Morena,BJP,0,Graduate,3453203,1780000
SANJAY BRIJKISHORLAL NIRUPAM,Mumbai North,INC, 5 ,Graduate,22417801,3727000
DUTT PRIYA SUNIL,Mumbai North Central,INC,0,Graduate,349576448,147511
SANJAY DINA PATIL,Mumbai North East,NCP, 2 ,Graduate,4323503,0
AD.KAMAT GURUDAS VASANT,Mumbai North West,INC,0,Graduate Professional,63926963,0
DEORA MILIND MURLI,Mumbai South,INC,0,Graduate Professional,175373142,0
EKNATH M. GAIKWAD,Mumbai South Central,INC,0,10th Pass,2195416,0
ABDUL MANNAN HOSSAIN,Murshidabad,INC, 1 ,Graduate,1709788,1006391
KADEER RANA,Muzaffarnagar,BSP, 4 ,Literate,58451906,0
CAPTAIN JAI NARAYAN PRASAD NISHAD,Muzaffarpur,JD(U),0,12th Pass,15148831,4337141
ADAGUR H. VISWANATH,Mysore,INC,0,Graduate Professional,28291172,7367061
Pradeep Kumar Majhi,Nabarangpur,INC,0,Graduate,850000,345830
VIJAYAN A K S,Nagapattinam,DMK,0,12th Pass,7205000,1127000
Dr. Manda Jagannath,Nagarkurnool,INC,0,Post Graduate,28126000,3123000
DR JYOTI MIRDHA,Nagaur,INC,0,Graduate Professional,39039915,0
YASHVIR SINGH,Nagina,SP, 1 ,12th Pass,784562,0
MUTTEMWAR VILASRAO BABURAOJI,Nagpur,INC,0,Graduate,15302294,2756726
K.C. SINGH BABA,Nainital-Udhamsingh Nagar,INC,0,12th Pass,43987049,649024
KAUSHALENDRA KUMAR,Nalanda,JD(U),0,12th Pass,7133058,227065
Gutha Sukender Reddy,Nalgonda,INC,0,12th Pass,16040830,16662997
GANDHISELVAN.S,Namakkal,DMK, 2 ,Post Graduate,4070482,0
KHATGAONK PATIL BHASKARRAO BAPURAO,Nanded,INC, 4 ,Graduate,62416000,260000
GAVIT MANIKRAO HODLYA,Nandurbar,INC,0,5th Pass,41064753,0
S.P.Y.REDDY,Nandyal,INC, 1 ,Graduate Professional,92821000,0
VENUGOPALA REDDY MODUGULA,Narasaraopet,TDP, 2 ,Graduate Professional,27493309,51964
BAPIRAJU KANUMURU,Narsapuram,INC,0,10th Pass,30574013,3812438
SAMEER BHUJBAL,Nashik,NCP,0,10th Pass,66660039,0
CHANDRAKANT RAGHUNATH PATIL,Navsari,BJP, 6 ,10th Pass,242083697,42208512
BholaSingh,Nawada,BJP,0,Doctorate,3893000,360000
M Rajamohan Reddy,Nellore,INC,0,Graduate Professional,363462696,0
AJAY MAKAN,New Delhi,INC, 1 ,Post Graduate,40148040,97120
RAJA A,Nilgiris,DMK,0,Graduate Professional,14251669,166862
Madhu Yaskhi Goud,Nizamabad,INC,0,Post Graduate,119108338,15422084
JAI PRAKASH AGARWAL,North East Delhi,INC,0,Graduate,24928873,0
SHRIPAD YESSO NAIK,North Goa,BJP,0,Graduate,9897462,912582
KIRSHNA TIRATH,North West Delhi,INC,0,Graduate Professional,21146350,0
RAJEN GOHAIN,Nowgong,BJP, 1 ,Graduate Professional,10210891,740165
MAGUNTA SRINIVASULU REDDY,Ongole,INC,0,Graduate,102065901,0
PATIL PADAMSINHA BAJIRAO,Osmanabad,NCP, 7 ,Graduate Professional,75852364,0
THANGSO BAITE,Outer Manipur,INC,0,Post Graduate,1778418,880000
M B Rajesh,Palakkad,CPM, 16 ,Post Graduate,1105474,504893
KAMESHWAR BAITHA,Palamau,JMM, 46 ,10th Pass,570000,0
JADHAV BALIRAM SUKUR,Palghar,BVA,0,8th Pass,2399053,0
BADRI RAM,Pali,INC, 1 ,Literate,60243814,498169
PRABHATSINH PRATAPSINH CHAUHAN,Panchmahal,BJP, 3 ,10th Pass,7255000,0
ADV. DUDHGAONKAR GANESHRAO NAGORAO,Parbhani,SHS,0,Graduate Professional,28111720,0
DR. SANJAY JAISWAL,Paschim Champaran,BJP, 2 ,Post Graduate,10950474,1169173
RANJAN  PRASAD YADAV,Pataliputra,JD(U), 1 ,Doctorate,15319000,0
JAGDISHBHAI MOTIJI THAKORE,Patan,INC,0,10th Pass,3389298,1158381
Anto Antony,Pathanamthitta,INC,0,Graduate,1424205,1706713
PRENEET KAUR,Patiala,INC,0,Graduate,423043438,0
SHATRUGHAN SINHA,Patna Sahib,BJP,0,Graduate,150033976,25878099
Dr. G. Vivekanand,Peddapalle,INC,0,Graduate Professional,729509675,0
"NAPOLEON,D.",Perambalur,DMK,0,Graduate,191419973,28270000
KAPIL MUNI KARWARIYA,Phulpur,BSP, 4 ,Graduate Professional,0,0
FEROZE VARUN GANDHI,Pilibhit,BJP, 6 ,Graduate,49267810,0
SUGUMAR.K,Pollachi,ADMK,0,Graduate,21320000,191027
NARAYANASAMY,Pondicherry,INC,0,Post Graduate,35979157,2171758
E T Mohamed Basheer,Ponnani,MUL,0,10th Pass,605855,0
VITTHALBHAI HANSRAJBHAI RADADIYA,Porbandar,INC, 16 ,Graduate,20675722,0
RAJKUMARI RATNA SINGH,Pratapgarh,INC, 5 ,Graduate,678270725,1002000
KALMADI SURESH,Pune,INC, 1 ,Post Graduate,128165624,0
Pinaki Misra,Puri,BJD,0,Graduate,296900000,0
UDAY SINGH ALIAS PAPPU SINGH,Purnia,BJP, 2 ,12th Pass,419130669,1410120
Narahari Mahato,Purulia,AIFB,0,Post Graduate,3086000,400000
RADHA MOHAN SINGH,Purvi Champaran,BJP,0,Graduate,7629444,184731
SONIA GANDHI,Rae bareli,INC,0,Others,13794768,0
S Pakkirappa,Raichur,BJP, 1 ,5th Pass,7736230,0
ANANT GEETE,Raigad,SHS, 1 ,10th Pass,8555617,0
Deepa Dasmunsi,Raiganj,INC,0,Post Graduate,12514145,0
Vishu Deo Sai,Raigarh,BJP,0,10th Pass,2302000,0
V Arun Kumar,Rajahmundry,INC, 2 ,Graduate Professional,13073077,979680
ANNAYYAGARI SAI PRATHAP,Rajampet,INC,0,12th Pass,6233245,605031
NARAYANSINGH AMLABE,Rajgarh,INC,0,12th Pass,3808133,161617
KUNVARJIBHAI MOHANBHAI BAVALIYA,Rajkot,INC, 3 ,Graduate,4560852,599799
DEVIDHAN BESRA,Rajmahal,BJP,0,10th Pass,4828559,0
Madhusudan Yadav,Rajnandgaon,BJP, 1 ,12th Pass,1165680,0
GOPAL SINGH,Rajsamand,INC,0,Graduate Professional,4106255,489648
SIVAKUMAR @ J.K. RITHEESH. K,Ramanathapuram,DMK, 2 ,Graduate,122820653,4000000
JAYA PRADA NAHATA,Rampur,SP,0,12th Pass,131490118,1398995
WASNIK MUKUL BALKRISHNA,Ramtek,INC, 1 ,Post Graduate,3111932,0
SUCHARU RANJAN HALDAR,Ranaghat,AITC,0,Post Graduate,10882896,0
SUBODH KANT SAHAY,Ranchi,INC, 1 ,Graduate,27179918,0
KANTILAL BHURIA,Ratlam,INC,0,Post Graduate,30557089,0
DR.NILESH NARAYAN RANE,Ratnagiri Sindhudurg,INC, 1 ,Doctorate,30561862,0
HARIBHAU MADHAV JAWALE,Raver,BJP,0,Graduate,7842881,629917
DEORAJ SINGH PATEL,Rewa,BSP,0,Post Graduate,30845000,4961271
PAKAURI LAL,Robertsganj,SP,0,Literate,1762515,0
DEEPENDER SINGH,Rohtak,INC,0,Post Graduate,65367032,0
MAHENDRASINH PRUTHVISINH CHAUHAN,Sabarkantha,BJP,0,Graduate Professional,8842370,161190
JAGDISH SINGH RANA,Saharanpur,BSP,0,Graduate,18867277,298187
SEMMALAI S,Salem,ADMK, 2 ,Graduate Professional,46220339,59000
RAMASHANKAR RAJBHAR,Salempur,BSP,0,Graduate,2305000,0
MAHESWER HAZARI,Samastipur,JD(U),0,Post Graduate,6964921,1054356
Amarnath Pradhan,Sambalpur,INC,0,Graduate,4325000,466494
DR. SHAFIQUR RAHMAN BARQ,Sambhal,BSP,0,Graduate,7059763,0
PRATIK PRAKASHBAPU PATIL,Sangli,INC, 1 ,Others,22137000,1358000
VIJAY INDER SINGLA,Sangrur,INC,0,12th Pass,34777859,374957
BHISMA SHANKAR ALIAS KUSHAL TIWARI,Sant Kabir Nagar,BSP,0,12th Pass,31926944,1125920
MEIRA KUMAR,Sasaram,INC,0,Post Graduate,101565500,0
BHONSLE SHRIMANT CHH. UDYANRAJE PRATAPSINH,Satara,NCP, 14 ,Others,117253344,1800000
GANESH SINGH,Satna,BJP, 3 ,Post Graduate,7372032,16585
ANJAN KUMAR YADAV,Secunderabad,INC,0,12th Pass,20620697,1500000
RAJESH NANDINI SINGH,Shahdol,INC,0,Graduate,11475000,200000
MITHLESH,Shahjahanpur,SP,0,Graduate,8035655,1746024
RAMA DEVI,Sheohar,BJP, 5 ,Graduate Professional,69429234,883367
VINCENT H PALA,Shillong,INC,0,Graduate Professional,251618190,0
VIRENDER KASHYAP,Shimla,BJP,0,Post Graduate,3434928,0
B.Y. RAGHAVENDRA,Shimoga,BJP,0,Graduate Professional,66273401,4234969
WAKCHOURE BHAUSAHEB RAJARAM,Shirdi,SHS,0,Post Graduate,17860515,2427069
ADHALRAO SHIVAJI DATTATRAY,Shirur,SHS, 4 ,Post Graduate,127113134,16221275
VINAY KUMAR ALIAS VINNU,Shrawasti,INC, 4 ,Doctorate,15743200,589157
GOVIND PRASAD MISHRA,Sidhi,BJP,0,Graduate Professional,5187425,0
MAHADEV SINGH,Sikar,INC,0,Post Graduate,7879689,0
PREM DAS RAI,Sikkim,SDF,0,Post Graduate,18503294,841835
Kabindra Purkayastha,Silchar,BJP,0,Post Graduate,2098543,81279
MADHU KORA,Singhbhum,IND,0,Graduate,9832144,0
ASHOK TANWAR,Sirsa,INC, 2 ,Post Graduate,23664959,0
ARJUN ROY,Sitamarhi,JD(U),0,Doctorate,2907146,462913
KAISAR JAHAN,Sitapur,BSP,0,8th Pass,6553956,0
CHIDAMBARAM P,Sivaganga,INC,0,Post Graduate,267908542,0
OmPrakashYadav,Siwan,IND, 1 ,Graduate,3032500,0
SHINDE SUSHILKUMAR SAMBHAJIRAO,Solapur,INC,0,Graduate Professional,86042099,3700000
JITENDER SINGH,Sonipat,INC,0,Graduate Professional,1779080,0
RAMESH KUMAR,South Delhi,INC,0,10th Pass,25845997,329812
COSME FRANCISCO CAITANO SARDINHA,South Goa,INC,0,Graduate Professional,29473470,443500
KALYAN BANERJEE,Sreerampur,AITC,0,Graduate Professional,16146266,2125000
K. KRUPA RANI,Srikakulam,INC,0,Graduate Professional,18491160,2642781
FAROOQ ABDULLAH,Srinagar,JKN,0,Graduate Professional,97841140,0
BAALU T R,Sriperumbudur,DMK,0,Graduate,76971478,0
DR.SANJAY SINGH,Sultanpur,INC,0,Doctorate,62259720,0
HEMANAND BISWAL,Sundargarh,INC,0,12th Pass,3965226,0
VISHWA MOHAN KUMAR,Supaul,JD(U),0,Post Graduate,6689616,440179
DARSNABEN VIKRAMBHAI JARDOS,Surat,BJP, 1 ,Graduate,9021338,395000
SOMABHAI GANDABHAI KOLIPATEL,Surendranagar,INC,0,5th Pass,18618718,0
ADHIKARI SUVENDU,Tamluk,AITC, 3 ,Graduate,4751934,0
VIJAY BAHUGUNA,Tehri Garhwal,INC,0,Graduate Professional,13501773,0
LINGAM P,Tenkasi,CPI,0,Graduate,159365,23014
JOSEPH TOPPO,Tezpur,AGP,0,10th Pass,936292,535000
DR.SANJEEV GANESH NAIK,Thane,NCP, 2 ,12th Pass,30415344,0
PALANIMANICKAM.S.S,Thanjavur,DMK,0,Graduate Professional,7523592,2841136
AARON RASHID.J.M,Theni,INC,0,12th Pass,248974573,2191815
Shashi Tharoor,Thiruvananthapuram,INC, 1 ,Doctorate,212442472,0
JEYADURAI S R,Thoothukkudi,DMK,0,Graduate,87526313,1090000
P C Chacko,Thrissur,INC,0,Post Graduate,16335679,0
VIRENDRA KUMAR,Tikamgarh,BJP,0,Doctorate,2551466,0
KUMAR.P,Tiruchirappalli,ADMK,0,Graduate Professional,5345000,806395
RAMASUBBU S,Tirunelveli,INC,0,Post Graduate,34706447,1807386
Chinta Mohan,Tirupati,INC,0,Graduate Professional,5512900,557719
SIVASAMI C,Tiruppur,ADMK, 3 ,Post Graduate,51892954,0
VENUGOPAL.P,Tiruvallur,ADMK,0,Graduate Professional,2074236,350000
VENUGOPAL.D,Tiruvannamalai,DMK,0,Others,57010000,1538546
BAJU BAN RIYAN,Tripura East,CPM,0,Graduate,3695981,0
KHAGEN DAS,Tripura West,CPM,0,Post Graduate,3492580,0
G.S. BASAVARAJU,Tumkur,BJP,0,Graduate Professional,54382029,8761621
AGATHA K. SANGMA,Tura,NCP,0,Post Graduate,6644295,0
Raghuveer singh,Udaipur,INC,0,Graduate,6753883,1750000
CH. LAL SINGH,Udhampur,INC,0,Graduate,1762378,2650000
D.V.Sadananda Gowda,Udupi Chikmagalur,BJP,0,Graduate Professional,14375959,2486447
ASWAMEDH DEVI,Ujiarpur,JD(U),0,5th Pass,10536274,341141
GUDDU PREMCHAND,Ujjain,INC, 3 ,5th Pass,105031313,1500000
SULTAN AHMED,Uluberia,AITC,0,Graduate,6026230,3600555
ANNUTANDON,Unnao,INC, 1 ,Graduate,421352753,0
Ananthkumar Hegde,Uttara Kannada,BJP, 3 ,12th Pass,6427192,3955458
Mullappally Ramachandran,Vadakara,INC,0,Post Graduate,3316300,502346
BALKRISHNA KHANDERAO SHUKLA,Vadodara,BJP, 1 ,Graduate,2662058,216512
RAGHUVANSH PRASAD SINGH,Vaishali,RJD,0,Doctorate,6169238,214137
BAIDYANATH PRASAD MAHTO,Valmiki Nagar,JD(U), 1 ,10th Pass,4428802,520445
KISANBHAI VESTABHAI PATEL,Valsad,INC, 2 ,12th Pass,1520245,0
DR. MURLI MANOHAR JOSHI,Varanasi,BJP, 1 ,Doctorate,54475345,0
ABDUL RAHMAN,Vellore,DMK,0,Graduate,12547128,3297328
SUSHMA SWARAJ,Vidisha,BJP,0,Graduate Professional,73582637,58250
L Rajagopal,Vijayawada,INC,0,Graduate Professional,1222964909,23967984
ANANDAN M,Viluppuram,ADMK,0,12th Pass,8938646,967994
MANICKA TAGORE,Virudhunagar,INC,0,Graduate Professional,3313910,0
D. PURANDARESHWARI,Visakhapatnam,INC,0,Graduate,202639034,560000
B. JHANSI,Vizianagaram,INC, 1 ,Post Graduate,22951539,0
Rajaiah Siricilla,Warangal,INC,0,Graduate,4224704,1461167
DATTA MEGHE,Wardha,INC,0,Graduate,287739495,70008871
M I Shanavas,Wayanad,INC,0,Post Graduate,23904424,2548978
MAHABAL MISHRA,West Delhi,INC,0,12th Pass,61994338,989118
BHAVANA GAWALI (PATIL),Yavatmal-Washim,SHS, 1 ,Graduate,30399471,2430911
SURESH KUMAR SHETKAR,Zahirabad,INC,0,Graduate,3011999,0
